<application>
  <component name="CodeInsightSettings">
    <option name="ADD_IMPORTS_ON_PASTE" value="1" />
    <option name="ADD_UNAMBIGIOUS_IMPORTS_ON_THE_FLY" value="true" />
    <EXCLUDED_PACKAGE NAME="com.alibaba.druid.stat.TableStat.Condition" />
    <EXCLUDED_PACKAGE NAME="com.beust.jcommander.internal.Lists" />
    <EXCLUDED_PACKAGE NAME="com.sun.javafx.collections.MappingChange.Map" />
    <EXCLUDED_PACKAGE NAME="com.sun.mail.imap.Utility.Condition" />
    <EXCLUDED_PACKAGE NAME="com.sun.tools.javac.util.List" />
    <EXCLUDED_PACKAGE NAME="com.sun.xml.internal.xsom.impl.scd.Iterators.Map" />
    <EXCLUDED_PACKAGE NAME="io.undertow.servlet.compat.rewrite.RewriteCond.Condition" />
    <EXCLUDED_PACKAGE NAME="java.util.concurrent.locks.Condition" />
    <EXCLUDED_PACKAGE NAME="org.springframework.context.annotation.Condition" />
    <EXCLUDED_PACKAGE NAME="org.springframework.data.redis.core.index.IndexDefinition.Condition" />
  </component>
  <component name="DaemonCodeAnalyzerSettings" profile="Inspection By Deolin">
    <option name="ERROR_STRIPE_MARK_MIN_HEIGHT" value="20" />
  </component>
  <component name="JavaCodeFoldingSettings">
    <option name="collapseOneLineMethods" value="false" />
  </component>
  <component name="XmlFoldingSettings">
    <option name="COLLAPSE_HTML_STYLE_ATTRIBUTE" value="false" />
  </component>
</application>