<application>
  <component name="UISettings">
    <option name="ACTIVATE_RIGHT_EDITOR_ON_CLOSE" value="true" />
    <option name="EDITOR_TAB_LIMIT" value="15" />
    <option name="FONT_FACE" value="Microsoft YaHei" />
    <option name="HIDE_TOOL_STRIPES" value="true" />
    <option name="OVERRIDE_NONIDEA_LAF_FONTS" value="true" />
    <option name="SHOW_MAIN_TOOLBAR" value="true" />
    <option name="SHOW_MEMORY_INDICATOR" value="true" />
    <option name="SHOW_NAVIGATION_BAR" value="false" />
  </component>
</application>