<profile version="1.0">
  <option name="myName" value="Inspection By Deolin" />
  <inspection_tool class="SerializableHasSerialVersionUIDField" enabled="true" level="WARNING" enabled_by_default="true">
    <option name="ignoreAnonymousInnerClasses" value="false" />
    <option name="superClassString" value="" />
  </inspection_tool>
  <inspection_tool class="SpellCheckingInspection" enabled="false" level="TYPO" enabled_by_default="false">
    <option name="processCode" value="true" />
    <option name="processLiterals" value="true" />
    <option name="processComments" value="true" />
  </inspection_tool>
  <inspection_tool class="SqlDialectInspection" enabled="false" level="WARNING" enabled_by_default="false" />
  <inspection_tool class="SqlNoDataSourceInspection" enabled="false" level="WARNING" enabled_by_default="false" />
  <inspection_tool class="UnnecessaryLocalVariable" enabled="false" level="WARNING" enabled_by_default="false">
    <option name="m_ignoreImmediatelyReturnedVariables" value="false" />
    <option name="m_ignoreAnnotatedVariables" value="false" />
  </inspection_tool>
  <inspection_tool class="WeakerAccess" enabled="false" level="WARNING" enabled_by_default="false">
    <option name="SUGGEST_PACKAGE_LOCAL_FOR_MEMBERS" value="true" />
    <option name="SUGGEST_PACKAGE_LOCAL_FOR_TOP_CLASSES" value="true" />
    <option name="SUGGEST_PRIVATE_FOR_INNERS" value="false" />
  </inspection_tool>
  <inspection_tool class="unused" enabled="true" level="WARNING" enabled_by_default="true" klass="packageLocal" field="private" method="private">
    <option name="LOCAL_VARIABLE" value="true" />
    <option name="FIELD" value="true" />
    <option name="METHOD" value="true" />
    <option name="CLASS" value="true" />
    <option name="PARAMETER" value="true" />
    <option name="REPORT_PARAMETER_FOR_PUBLIC_METHODS" value="true" />
    <option name="ADD_MAINS_TO_ENTRIES" value="true" />
    <option name="ADD_APPLET_TO_ENTRIES" value="true" />
    <option name="ADD_SERVLET_TO_ENTRIES" value="true" />
    <option name="ADD_NONJAVA_TO_ENTRIES" value="true" />
  </inspection_tool>
</profile>